variable,mean,dde
SH,693.653099064759,689.5
EH,10.3900174608476,10.5
IH,295.956883474392,300
SV,187.58909544661,187.270813923851
EV,16.9732950912819,17.153087097275
IV,13.0560633627803,13.1847847583888
