variable,mean,dde
SH,695.001558293839,689.5
EH,10.3111743022644,10.5
IH,294.687267403897,300
SV,187.852446200001,187.270813923851
EV,16.8137086,17.153087097275
IV,12.94656,13.1847847583888
